model_names,precision@3,recall@3,mrr@3,dcg@3,ndcg@3
ada2_content,0.20804241013705713,0.6133936584719225,0.5287690716317558,5.548893451831466,0.549249340490148
t3small_content,0.18127747607964828,0.5377040265291532,0.46392552366175327,4.85312882849388,0.48181237549880557
voyage_law2_content,0.1768813033359193,0.5238502693552207,0.4306309800879235,4.570787947107432,0.4536634712817193
