model_names,precision@10,recall@10,mrr@10,dcg@10,ndcg@10
ada2_content,0.08196276183087664,0.7947848417877624,0.4780408400753629,5.632844408496208,0.5527877421612808
t3small_content,0.07203258339798292,0.7029862591532605,0.4320835950102823,5.03237784556856,0.49644748899445285
voyage_law2_content,0.07203258339798292,0.7001264379555805,0.39797708325636955,4.779659490013019,0.47009496836320236
