model_names,precision@5,recall@5,mrr@5,dcg@5,ndcg@5
ada2_content,0.1421256788207913,0.6948439137744573,0.5269976726144298,5.750875751238372,0.5675227991280047
t3small_content,0.1225756400310318,0.6035616858587242,0.4541569692267908,4.951668247771292,0.4907731848652173
voyage_law2_content,0.12133436772692008,0.5956556918086603,0.42688130333591934,4.733416745389055,0.46836050762011816
