model_names,precision@3,recall@3,mrr@3,dcg@3,ndcg@3
ada2_content,0.24031007751937983,0.4186046511627907,0.3953488372093023,3.160275323505013,0.3977626894462584
t3small_content,0.24806201550387597,0.4418604651162791,0.4186046511627907,3.3194695382060067,0.42428085921713754
