model_names,precision@10,recall@10,mrr@10,dcg@10,ndcg@10
ada2_product_name,0.07674418604651162,0.46511627906976744,0.43023255813953487,3.3928334630398975,0.43895364418391564
ada2_product_description,0.07674418604651162,0.46511627906976744,0.4069767441860465,3.260432662591849,0.41779415726362557
ada2_combined,0.07674418604651162,0.46511627906976744,0.4263565891472868,3.3928334630398975,0.43777572458578434
t3small_product_name,0.07674418604651162,0.46511627906976744,0.4224806201550387,3.3623846831395583,0.4328638882038478
t3small_product_description,0.07674418604651162,0.46511627906976744,0.42441860465116277,3.3695482077494248,0.43429659312582114
t3small_combined,0.07674418604651162,0.46511627906976744,0.4263565891472868,3.3928334630398975,0.43777572458578434
