model_names,precision@3,recall@3,mrr@3,dcg@3,ndcg@3
ada2_product_name,0.2558139534883721,0.46511627906976744,0.43023255813953487,3.3928334630398975,0.43895364418391564
ada2_product_description,0.24031007751937983,0.4186046511627907,0.3953488372093023,3.160275323505013,0.3977626894462584
ada2_combined,0.2558139534883721,0.46511627906976744,0.4263565891472868,3.3928334630398975,0.43777572458578434
t3small_product_name,0.2558139534883721,0.46511627906976744,0.4224806201550387,3.3623846831395583,0.4328638882038478
t3small_product_description,0.24806201550387597,0.4418604651162791,0.4186046511627907,3.3194695382060067,0.42428085921713754
t3small_combined,0.24806201550387597,0.4418604651162791,0.4186046511627907,3.334693928156176,0.4261478176090402
